[
  {
    "Parameter": "ProjectAcronym",
    "Value": "SeverusPT"
  },
  {
    "Parameter": "ProjectName",
    "Value": "A web-based data product and service for fire severity assessment and prediction in mainland Portugal"
  },
  {
    "Parameter": "ProjectWebsite",
    "Value": "https://severus.pt/en/"
  },
  {
    "Parameter": "ContactEntity",
    "Value": "CIBIO/InBIO/BIOPOLIS/ECOCHANGE Team - University of Porto"
  },
  {
    "Parameter": "ContactAddress",
    "Value": "U. Porto, Campus de Vairão, R. Padre Armando Quintas 7, 4485-661 Vairão"
  },
  {
    "Parameter": "ContactEmail",
    "Value": "geral@severus.pt"
  },
  {
    "Parameter": "ProductType",
    "Value": "Observed/historical severity"
  },
  {
    "Parameter": "ProductName",
    "Value": "Fire/burn severity / Indicator: RBR NBR / moving window 3 months composite"
  },
  {
    "Parameter": "SpatialResolution",
    "Value": "20 meters"
  },
  {
    "Parameter": "TemporalResolution",
    "Value": "3 months composite"
  },
  {
    "Parameter": "CoordRefSystem",
    "Value": "Secondary CRS: WGS 1984/UTM 29N (EPSG: 32629)"
  },
  {
    "Parameter": "CalculationDate",
    "Value": "2024-09-30 21:22:43 Lisbon GMT +00:00"
  },
  {
    "Parameter": "CalculationPlatforms",
    "Value": "Google Earth Engine; R/RStudio; EE-API-version: 0.1.370 / rgee-version: 1.1.7"
  },
  {
    "Parameter": "BurntAreaDataset",
    "Value": "EFFIS"
  },
  {
    "Parameter": "BurntAreaDatasetURL",
    "Value": "https://effis.jrc.ec.europa.eu/applications/data-and-services"
  },
  {
    "Parameter": "ReferenceYear",
    "Value": "2024"
  },
  {
    "Parameter": "MinFireSize",
    "Value": "10 hectares"
  },
  {
    "Parameter": "SatCollectionData",
    "Value": "S2MSI / Sentinel-2a/b/MSI"
  },
  {
    "Parameter": "SatProcLevel",
    "Value": "Level L2/L2A: Surface reflectance (SR)"
  },
  {
    "Parameter": "SatColVersion",
    "Value": ""
  },
  {
    "Parameter": "CloudMaskUsed",
    "Value": "Yes"
  },
  {
    "Parameter": "CloudMaskMethod",
    "Value": "Pixel QA band: Cirrus, clouds and/or cloud shadows removed"
  },
  {
    "Parameter": "OtherCorrections",
    "Value": ""
  },
  {
    "Parameter": "BaseIndex",
    "Value": "NBR - Normalized Burn Ratio"
  },
  {
    "Parameter": "BaseIndexFormula",
    "Value": "(NIR - SWIR) / (NIR + SWIR)"
  },
  {
    "Parameter": "SeverityIndicator",
    "Value": "RBR"
  },
  {
    "Parameter": "SeverityIndicatorForm",
    "Value": "RBR = (NBR_prefire - NBR_postfire) / (NBR_prefire + 1.001)"
  },
  {
    "Parameter": "CompAggMeasure",
    "Value": "Median"
  },
  {
    "Parameter": "PreFireType",
    "Value": "moving / considers the year before fire, i.e., homologous year"
  },
  {
    "Parameter": "PreFireRefPeriod",
    "Value": "3 months"
  },
  {
    "Parameter": "PostFireType",
    "Value": "moving"
  },
  {
    "Parameter": "PostFireRefPeriod",
    "Value": "Start post-fire window: 0 months / End: 3 months , i.e., 1 to 90 days after ignition date"
  },
  {
    "Parameter": "ScaleFactor",
    "Value": "Multiply by 0.0001"
  },
  {
    "Parameter": "VersionNumber",
    "Value": "v02"
  },
  {
    "Parameter": "VersionFullNumber",
    "Value": "v2.0.0"
  }
]